{
    "euclidean": {
        "time": [
            "0:00:01.546142",
            "0:00:01.764423",
            "0:00:01.623316",
            "0:00:01.707805",
            "0:00:01.639508",
            "0:00:01.723768",
            "0:00:01.672266",
            "0:00:01.659810",
            "0:00:01.645928",
            "0:00:01.720994"
        ],
        "cost": 78,
        "solution_length": 79,
        "visited_nodes": 26698,
        "border": 41
    },
    "euclidean+p": {
        "time": [
            "0:00:01.845398",
            "0:00:01.945831",
            "0:00:01.879978",
            "0:00:01.852846",
            "0:00:01.833057",
            "0:00:01.913200",
            "0:00:01.885446",
            "0:00:01.953630",
            "0:00:01.860228",
            "0:00:01.841430"
        ],
        "cost": 78,
        "solution_length": 79,
        "visited_nodes": 26601,
        "border": 64
    },
    "manhattan": {
        "time": [
            "0:00:01.278860",
            "0:00:01.329770",
            "0:00:01.248648",
            "0:00:01.357183",
            "0:00:01.287975",
            "0:00:01.360189",
            "0:00:01.292988",
            "0:00:01.369717",
            "0:00:01.278801",
            "0:00:01.359513"
        ],
        "cost": 78,
        "solution_length": 79,
        "visited_nodes": 26664,
        "border": 51
    },
    "manhattan+p": {
        "time": [
            "0:00:01.320423",
            "0:00:01.361791",
            "0:00:01.323709",
            "0:00:01.398963",
            "0:00:01.322290",
            "0:00:01.402751",
            "0:00:01.373823",
            "0:00:01.343241",
            "0:00:01.330679",
            "0:00:01.405787"
        ],
        "cost": 78,
        "solution_length": 79,
        "visited_nodes": 26469,
        "border": 92
    },
    "mod_manhattan+p": {
        "time": [
            "0:00:02.569221",
            "0:00:02.535433",
            "0:00:02.508003",
            "0:00:02.552683",
            "0:00:02.604259",
            "0:00:02.517834",
            "0:00:02.547219",
            "0:00:02.575550",
            "0:00:02.621780",
            "0:00:02.583802"
        ],
        "cost": 78,
        "solution_length": 79,
        "visited_nodes": 26103,
        "border": 177
    },
    "max_manhattan+p": {
        "time": [
            "0:00:02.645058",
            "0:00:02.617879",
            "0:00:02.735734",
            "0:00:02.654982",
            "0:00:02.650930",
            "0:00:02.636104",
            "0:00:02.711299",
            "0:00:02.686836",
            "0:00:02.695159",
            "0:00:02.612526"
        ],
        "cost": 78,
        "solution_length": 79,
        "visited_nodes": 26103,
        "border": 177
    }
}