{"euclidean": {"time": ["0:00:01.942692", "0:00:02.116972", "0:00:02.048510", "0:00:02.049167", "0:00:02.157377", "0:00:02.163389", "0:00:02.092140", "0:00:02.090988", "0:00:02.092557", "0:00:02.145490"], "cost": 64, "solution_length": 65, "visited_nodes": 31765, "border": 525}, "euclidean+p": {"time": ["0:00:02.360143", "0:00:02.267016", "0:00:02.251908", "0:00:02.316749", "0:00:02.331914", "0:00:02.244459", "0:00:02.341083", "0:00:02.284591", "0:00:02.375379", "0:00:02.264454"], "cost": 64, "solution_length": 65, "visited_nodes": 30603, "border": 845}, "manhattan": {"time": ["0:00:01.671551", "0:00:01.590470", "0:00:01.671757", "0:00:01.573852", "0:00:01.662858", "0:00:01.587413", "0:00:01.661989", "0:00:01.578205", "0:00:01.657051", "0:00:01.583064"], "cost": 64, "solution_length": 65, "visited_nodes": 30948, "border": 578}, "manhattan+p": {"time": ["0:00:01.626390", "0:00:01.547929", "0:00:01.644375", "0:00:01.568362", "0:00:01.545664", "0:00:01.548759", "0:00:01.635469", "0:00:01.553281", "0:00:01.536570", "0:00:01.639876"], "cost": 64, "solution_length": 65, "visited_nodes": 28726, "border": 1159}, "mod_manhattan+p": {"time": ["0:00:02.788096", "0:00:02.759383", "0:00:02.737506", "0:00:02.729039", "0:00:02.771424", "0:00:02.796107", "0:00:02.715211", "0:00:02.779532", "0:00:02.851328", "0:00:02.807772"], "cost": 64, "solution_length": 65, "visited_nodes": 26579, "border": 1636}, "max_manhattan+p": {"time": ["0:00:02.835676", "0:00:02.883298", "0:00:02.923170", "0:00:02.861387", "0:00:02.841329", "0:00:02.846057", "0:00:02.964890", "0:00:02.893608", "0:00:02.897572", "0:00:02.932422"], "cost": 64, "solution_length": 65, "visited_nodes": 26579, "border": 1636}}