{
    "NO OPTIMIZATION": {
      "dfs": {
        "time": [
          "0:00:00.562641",
          "0:00:00.471598",
          "0:00:00.481243",
          "0:00:00.479523",
          "0:00:00.479282",
          "0:00:00.471191",
          "0:00:00.475752",
          "0:00:00.485565",
          "0:00:00.509779",
          "0:00:00.470789"
        ],
        "cost": 1314,
        "solution_length": 1315,
        "visited_nodes": 17680,
        "border": 542
      },
      "bfs": {
        "time": [
          "0:00:01.530374",
          "0:00:01.582963",
          "0:00:01.541537",
          "0:00:01.630909",
          "0:00:01.601640",
          "0:00:01.551861",
          "0:00:01.552032",
          "0:00:01.577422",
          "0:00:01.593153",
          "0:00:01.565438"
        ],
        "cost": 78,
        "solution_length": 79,
        "visited_nodes": 55627,
        "border": 30
      },
      "greedy": {
        "time": [
          "0:00:00.395489",
          "0:00:00.338794",
          "0:00:00.344254",
          "0:00:00.344222",
          "0:00:00.336823",
          "0:00:00.344917",
          "0:00:00.352141",
          "0:00:00.337027",
          "0:00:00.342261",
          "0:00:00.345151"
        ],
        "cost": 118,
        "solution_length": 119,
        "visited_nodes": 5663,
        "border": 1357
      },
      "A*": {
        "time": [
          "0:00:04.987703",
          "0:00:05.029331",
          "0:00:05.077275",
          "0:00:05.093821",
          "0:00:05.064728",
          "0:00:05.126652",
          "0:00:05.064505",
          "0:00:05.071947",
          "0:00:05.069647",
          "0:00:05.108138"
        ],
        "cost": 78,
        "solution_length": 79,
        "visited_nodes": 54788,
        "border": 231
      }
    },
    "OPTIMIZED": {
      "dfs": {
        "time": [
          "0:00:00.195596",
          "0:00:00.146626",
          "0:00:00.145844",
          "0:00:00.145927",
          "0:00:00.151449",
          "0:00:00.145800",
          "0:00:00.151360",
          "0:00:00.155379",
          "0:00:00.148487",
          "0:00:00.152298"
        ],
        "cost": 2132,
        "solution_length": 2133,
        "visited_nodes": 5460,
        "border": 843
      },
      "bfs": {
        "time": [
          "0:00:00.719832",
          "0:00:00.778160",
          "0:00:00.779940",
          "0:00:00.767229",
          "0:00:00.791874",
          "0:00:00.773293",
          "0:00:00.768929",
          "0:00:00.767317",
          "0:00:00.788586",
          "0:00:00.776373"
        ],
        "cost": 78,
        "solution_length": 79,
        "visited_nodes": 26765,
        "border": 20
      },
      "greedy": {
        "time": [
          "0:00:00.150387",
          "0:00:00.126144",
          "0:00:00.123758",
          "0:00:00.127030",
          "0:00:00.123763",
          "0:00:00.123912",
          "0:00:00.124514",
          "0:00:00.128673",
          "0:00:00.122820",
          "0:00:00.124300"
        ],
        "cost": 124,
        "solution_length": 125,
        "visited_nodes": 2219,
        "border": 638
      },
      "A*": {
        "time": [
          "0:00:02.223275",
          "0:00:02.291479",
          "0:00:02.257492",
          "0:00:02.279881",
          "0:00:02.280182",
          "0:00:02.298030",
          "0:00:02.278959",
          "0:00:02.261969",
          "0:00:02.309151",
          "0:00:02.266748"
        ],
        "cost": 78,
        "solution_length": 79,
        "visited_nodes": 26374,
        "border": 113
      }
    }
  }