{
    "NO OPTIMIZATION": {
        "dfs": {
            "time": [
                "0:00:00.759303",
                "0:00:00.808309",
                "0:00:00.809956",
                "0:00:00.922970",
                "0:00:00.842476",
                "0:00:00.776195",
                "0:00:00.859441",
                "0:00:00.837704",
                "0:00:00.845938",
                "0:00:00.770523"
            ],
            "cost": 1314,
            "solution_length": 1315,
            "visited_nodes": 17680,
            "border": 542
        },
        "bfs": {
            "time": [
                "0:00:02.772094",
                "0:00:02.725032",
                "0:00:02.818919",
                "0:00:02.887505",
                "0:00:02.732396",
                "0:00:02.915172",
                "0:00:02.746724",
                "0:00:02.720147",
                "0:00:02.889449",
                "0:00:02.766423"
            ],
            "cost": 78,
            "solution_length": 79,
            "visited_nodes": 55627,
            "border": 30
        },
        "greedy": {
            "time": [
                "0:00:00.600622",
                "0:00:00.532046",
                "0:00:00.543418",
                "0:00:00.557639",
                "0:00:00.533693",
                "0:00:00.544113",
                "0:00:00.542580",
                "0:00:00.546505",
                "0:00:00.555294",
                "0:00:00.544680"
            ],
            "cost": 118,
            "solution_length": 119,
            "visited_nodes": 5663,
            "border": 1357
        },
        "A*": {
            "time": [
                "0:00:07.818152",
                "0:00:08.005964",
                "0:00:08.067206",
                "0:00:07.930910",
                "0:00:08.086117",
                "0:00:08.021717",
                "0:00:08.084850",
                "0:00:07.911883",
                "0:00:08.215724",
                "0:00:07.941222"
            ],
            "cost": 78,
            "solution_length": 79,
            "visited_nodes": 54788,
            "border": 231
        }
    },
    "OPTIMIZED": {
        "dfs": {
            "time": [
                "0:00:00.303182",
                "0:00:00.258102",
                "0:00:00.244723",
                "0:00:00.254366",
                "0:00:00.254614",
                "0:00:00.262433",
                "0:00:00.243200",
                "0:00:00.250424",
                "0:00:00.252142",
                "0:00:00.263175"
            ],
            "cost": 2132,
            "solution_length": 2133,
            "visited_nodes": 5460,
            "border": 843
        },
        "bfs": {
            "time": [
                "0:00:01.296398",
                "0:00:01.369185",
                "0:00:01.370354",
                "0:00:01.449204",
                "0:00:01.365991",
                "0:00:01.354631",
                "0:00:01.512434",
                "0:00:01.522363",
                "0:00:01.402389",
                "0:00:01.374669"
            ],
            "cost": 78,
            "solution_length": 79,
            "visited_nodes": 26765,
            "border": 20
        },
        "greedy": {
            "time": [
                "0:00:00.227709",
                "0:00:00.204149",
                "0:00:00.214275",
                "0:00:00.205649",
                "0:00:00.210067",
                "0:00:00.208052",
                "0:00:00.196300",
                "0:00:00.205868",
                "0:00:00.196064",
                "0:00:00.197367"
            ],
            "cost": 124,
            "solution_length": 125,
            "visited_nodes": 2219,
            "border": 638
        },
        "A*": {
            "time": [
                "0:00:03.475380",
                "0:00:03.692661",
                "0:00:03.805842",
                "0:00:03.682916",
                "0:00:03.606903",
                "0:00:03.581943",
                "0:00:03.669467",
                "0:00:03.614743",
                "0:00:03.600191",
                "0:00:03.582826"
            ],
            "cost": 78,
            "solution_length": 79,
            "visited_nodes": 26374,
            "border": 113
        }
    }
}