{
    "NO OPTIMIZATION": {
        "dfs": {
            "time": [
                "0:00:00.032809",
                "0:00:00.033335",
                "0:00:00.030295",
                "0:00:00.029993",
                "0:00:00.030065",
                "0:00:00.029135",
                "0:00:00.028889",
                "0:00:00.030055",
                "0:00:00.030348",
                "0:00:00.034301"
            ],
            "cost": 57,
            "solution_length": 58,
            "visited_nodes": 554,
            "border": 27
        },
        "bfs": {
            "time": [
                "0:00:00.047335",
                "0:00:00.045338",
                "0:00:00.045245",
                "0:00:00.044081",
                "0:00:00.044996",
                "0:00:00.045749",
                "0:00:00.043404",
                "0:00:00.042283",
                "0:00:00.042953",
                "0:00:00.043085"
            ],
            "cost": 57,
            "solution_length": 58,
            "visited_nodes": 763,
            "border": 24
        },
        "greedy": {
            "time": [
                "0:00:00.024991",
                "0:00:00.024224",
                "0:00:00.024191",
                "0:00:00.028266",
                "0:00:00.024319",
                "0:00:00.024424",
                "0:00:00.024895",
                "0:00:00.024230",
                "0:00:00.024328",
                "0:00:00.024527"
            ],
            "cost": 57,
            "solution_length": 58,
            "visited_nodes": 317,
            "border": 34
        },
        "A*": {
            "time": [
                "0:00:00.031625",
                "0:00:00.031732",
                "0:00:00.032007",
                "0:00:00.031860",
                "0:00:00.032229",
                "0:00:00.032025",
                "0:00:00.031588",
                "0:00:00.031878",
                "0:00:00.031605",
                "0:00:00.032196"
            ],
            "cost": 57,
            "solution_length": 58,
            "visited_nodes": 381,
            "border": 31
        }
    },
    "OPTIMIZED": {
        "dfs": {
            "time": [
                "0:00:00.030025",
                "0:00:00.030594",
                "0:00:00.030934",
                "0:00:00.030036",
                "0:00:00.030396",
                "0:00:00.030300",
                "0:00:00.029977",
                "0:00:00.034275",
                "0:00:00.030536",
                "0:00:00.030187"
            ],
            "cost": 57,
            "solution_length": 58,
            "visited_nodes": 554,
            "border": 27
        },
        "bfs": {
            "time": [
                "0:00:00.045633",
                "0:00:00.045694",
                "0:00:00.045451",
                "0:00:00.045935",
                "0:00:00.045684",
                "0:00:00.046065",
                "0:00:00.046191",
                "0:00:00.045655",
                "0:00:00.046087",
                "0:00:00.045275"
            ],
            "cost": 57,
            "solution_length": 58,
            "visited_nodes": 763,
            "border": 24
        },
        "greedy": {
            "time": [
                "0:00:00.031367",
                "0:00:00.026616",
                "0:00:00.026465",
                "0:00:00.026744",
                "0:00:00.026493",
                "0:00:00.026723",
                "0:00:00.026921",
                "0:00:00.026752",
                "0:00:00.026896",
                "0:00:00.027112"
            ],
            "cost": 57,
            "solution_length": 58,
            "visited_nodes": 317,
            "border": 34
        },
        "A*": {
            "time": [
                "0:00:00.033988",
                "0:00:00.034501",
                "0:00:00.034183",
                "0:00:00.034474",
                "0:00:00.034377",
                "0:00:00.034272",
                "0:00:00.034294",
                "0:00:00.034138",
                "0:00:00.034782",
                "0:00:00.034122"
            ],
            "cost": 57,
            "solution_length": 58,
            "visited_nodes": 381,
            "border": 31
        }
    }
}