{
  "NO OPTIMIZATION": {
    "dfs": {
      "time": [
        "0:00:00.015586",
        "0:00:00.019510",
        "0:00:00.020964",
        "0:00:00.012665",
        "0:00:00.026606",
        "0:00:00.015365",
        "0:00:00.012822",
        "0:00:00.012897",
        "0:00:00.012747",
        "0:00:00.012721"
      ],
      "cost": 42,
      "solution_length": 43,
      "visited_nodes": 457,
      "border": 35
    },
    "bfs": {
      "time": [
        "0:00:00.027470",
        "0:00:00.030751",
        "0:00:00.027499",
        "0:00:00.027220",
        "0:00:00.026300",
        "0:00:00.026525",
        "0:00:00.026530",
        "0:00:00.026396",
        "0:00:00.026565",
        "0:00:00.026264"
      ],
      "cost": 12,
      "solution_length": 13,
      "visited_nodes": 888,
      "border": 468
    },
    "greedy": {
      "time": [
        "0:00:00.001743",
        "0:00:00.001275",
        "0:00:00.001248",
        "0:00:00.001262",
        "0:00:00.001254",
        "0:00:00.001229",
        "0:00:00.001226",
        "0:00:00.001230",
        "0:00:00.001279",
        "0:00:00.001301"
      ],
      "cost": 12,
      "solution_length": 13,
      "visited_nodes": 26,
      "border": 28
    },
    "A*": {
      "time": [
        "0:00:00.002944",
        "0:00:00.002947",
        "0:00:00.002916",
        "0:00:00.002841",
        "0:00:00.002875",
        "0:00:00.002883",
        "0:00:00.002856",
        "0:00:00.003033",
        "0:00:00.002877",
        "0:00:00.002833"
      ],
      "cost": 12,
      "solution_length": 13,
      "visited_nodes": 44,
      "border": 54
    }
  },
  "OPTIMIZED": {
    "dfs": {
      "time": [
        "0:00:00.001736",
        "0:00:00.001842",
        "0:00:00.001725",
        "0:00:00.001768",
        "0:00:00.001977",
        "0:00:00.001796",
        "0:00:00.001770",
        "0:00:00.001717",
        "0:00:00.001721",
        "0:00:00.001735"
      ],
      "cost": 42,
      "solution_length": 43,
      "visited_nodes": 62,
      "border": 29
    },
    "bfs": {
      "time": [
        "0:00:00.006534",
        "0:00:00.009299",
        "0:00:00.006578",
        "0:00:00.006940",
        "0:00:00.006584",
        "0:00:00.006925",
        "0:00:00.006609",
        "0:00:00.006593",
        "0:00:00.006827",
        "0:00:00.006706"
      ],
      "cost": 12,
      "solution_length": 13,
      "visited_nodes": 214,
      "border": 90
    },
    "greedy": {
      "time": [
        "0:00:00.001054",
        "0:00:00.000947",
        "0:00:00.000965",
        "0:00:00.000944",
        "0:00:00.001092",
        "0:00:00.001063",
        "0:00:00.001019",
        "0:00:00.000952",
        "0:00:00.000966",
        "0:00:00.000952"
      ],
      "cost": 12,
      "solution_length": 13,
      "visited_nodes": 22,
      "border": 17
    },
    "A*": {
      "time": [
        "0:00:00.002159",
        "0:00:00.002080",
        "0:00:00.002106",
        "0:00:00.002152",
        "0:00:00.002100",
        "0:00:00.002137",
        "0:00:00.002135",
        "0:00:00.002116",
        "0:00:00.002116",
        "0:00:00.002075"
      ],
      "cost": 12,
      "solution_length": 13,
      "visited_nodes": 36,
      "border": 33
    }
  }
}