{
    "NO OPTIMIZATION": {
        "dfs": {
            "time": [
                "0:00:00.020961",
                "0:00:00.020131",
                "0:00:00.019461",
                "0:00:00.019135",
                "0:00:00.019658",
                "0:00:00.019067",
                "0:00:00.019676",
                "0:00:00.019947",
                "0:00:00.018749",
                "0:00:00.019930"
            ],
            "cost": 42,
            "solution_length": 43,
            "visited_nodes": 457,
            "border": 35
        },
        "bfs": {
            "time": [
                "0:00:00.043970",
                "0:00:00.042702",
                "0:00:00.042398",
                "0:00:00.041508",
                "0:00:00.042173",
                "0:00:00.041339",
                "0:00:00.041242",
                "0:00:00.046646",
                "0:00:00.041089",
                "0:00:00.041774"
            ],
            "cost": 12,
            "solution_length": 13,
            "visited_nodes": 888,
            "border": 468
        },
        "greedy": {
            "time": [
                "0:00:00.002490",
                "0:00:00.001900",
                "0:00:00.001936",
                "0:00:00.001848",
                "0:00:00.001889",
                "0:00:00.001843",
                "0:00:00.001912",
                "0:00:00.001854",
                "0:00:00.001881",
                "0:00:00.001828"
            ],
            "cost": 14,
            "solution_length": 15,
            "visited_nodes": 33,
            "border": 17
        },
        "A*": {
            "time": [
                "0:00:00.003451",
                "0:00:00.003472",
                "0:00:00.003469",
                "0:00:00.003455",
                "0:00:00.003446",
                "0:00:00.003425",
                "0:00:00.003441",
                "0:00:00.003423",
                "0:00:00.003460",
                "0:00:00.003418"
            ],
            "cost": 12,
            "solution_length": 13,
            "visited_nodes": 65,
            "border": 54
        }
    },
    "OPTIMIZED": {
        "dfs": {
            "time": [
                "0:00:00.002639",
                "0:00:00.002694",
                "0:00:00.002656",
                "0:00:00.002641",
                "0:00:00.002685",
                "0:00:00.002633",
                "0:00:00.002645",
                "0:00:00.002669",
                "0:00:00.002628",
                "0:00:00.002624"
            ],
            "cost": 42,
            "solution_length": 43,
            "visited_nodes": 62,
            "border": 29
        },
        "bfs": {
            "time": [
                "0:00:00.009830",
                "0:00:00.009895",
                "0:00:00.009803",
                "0:00:00.009900",
                "0:00:00.009785",
                "0:00:00.009809",
                "0:00:00.009927",
                "0:00:00.009737",
                "0:00:00.009774",
                "0:00:00.009889"
            ],
            "cost": 12,
            "solution_length": 13,
            "visited_nodes": 214,
            "border": 90
        },
        "greedy": {
            "time": [
                "0:00:00.001824",
                "0:00:00.001686",
                "0:00:00.001712",
                "0:00:00.001696",
                "0:00:00.001732",
                "0:00:00.001691",
                "0:00:00.001710",
                "0:00:00.001683",
                "0:00:00.001711",
                "0:00:00.001676"
            ],
            "cost": 12,
            "solution_length": 13,
            "visited_nodes": 31,
            "border": 12
        },
        "A*": {
            "time": [
                "0:00:00.002963",
                "0:00:00.002973",
                "0:00:00.002925",
                "0:00:00.002911",
                "0:00:00.002943",
                "0:00:00.002964",
                "0:00:00.003075",
                "0:00:00.003045",
                "0:00:00.003025",
                "0:00:00.003037"
            ],
            "cost": 12,
            "solution_length": 13,
            "visited_nodes": 57,
            "border": 36
        }
    }
}