{
    "NO OPTIMIZATION": {
      "dfs": {
        "time": [
          "0:00:00.030293",
          "0:00:00.027079",
          "0:00:00.018728",
          "0:00:00.029567",
          "0:00:00.024611",
          "0:00:00.035791",
          "0:00:00.026156",
          "0:00:00.027268",
          "0:00:00.018606",
          "0:00:00.018469"
        ],
        "cost": 57,
        "solution_length": 58,
        "visited_nodes": 554,
        "border": 27
      },
      "bfs": {
        "time": [
          "0:00:00.027799",
          "0:00:00.030398",
          "0:00:00.027602",
          "0:00:00.027458",
          "0:00:00.027710",
          "0:00:00.027365",
          "0:00:00.027602",
          "0:00:00.027366",
          "0:00:00.027240",
          "0:00:00.027406"
        ],
        "cost": 57,
        "solution_length": 58,
        "visited_nodes": 763,
        "border": 24
      },
      "greedy": {
        "time": [
          "0:00:00.015814",
          "0:00:00.015683",
          "0:00:00.015649",
          "0:00:00.015579",
          "0:00:00.015516",
          "0:00:00.015837",
          "0:00:00.015555",
          "0:00:00.015444",
          "0:00:00.015690",
          "0:00:00.015698"
        ],
        "cost": 57,
        "solution_length": 58,
        "visited_nodes": 317,
        "border": 34
      },
      "A*": {
        "time": [
          "0:00:00.020324",
          "0:00:00.020320",
          "0:00:00.020418",
          "0:00:00.020461",
          "0:00:00.020433",
          "0:00:00.020340",
          "0:00:00.020270",
          "0:00:00.020487",
          "0:00:00.022746",
          "0:00:00.020431"
        ],
        "cost": 57,
        "solution_length": 58,
        "visited_nodes": 381,
        "border": 31
      }
    },
    "OPTIMIZED": {
      "dfs": {
        "time": [
          "0:00:00.019519",
          "0:00:00.019619",
          "0:00:00.018837",
          "0:00:00.018978",
          "0:00:00.018861",
          "0:00:00.018993",
          "0:00:00.019017",
          "0:00:00.019140",
          "0:00:00.019739",
          "0:00:00.019228"
        ],
        "cost": 57,
        "solution_length": 58,
        "visited_nodes": 554,
        "border": 27
      },
      "bfs": {
        "time": [
          "0:00:00.028678",
          "0:00:00.030662",
          "0:00:00.030078",
          "0:00:00.030097",
          "0:00:00.029368",
          "0:00:00.029712",
          "0:00:00.030312",
          "0:00:00.029447",
          "0:00:00.031838",
          "0:00:00.028790"
        ],
        "cost": 57,
        "solution_length": 58,
        "visited_nodes": 763,
        "border": 24
      },
      "greedy": {
        "time": [
          "0:00:00.016897",
          "0:00:00.016839",
          "0:00:00.016681",
          "0:00:00.016828",
          "0:00:00.016915",
          "0:00:00.016721",
          "0:00:00.016762",
          "0:00:00.016788",
          "0:00:00.016736",
          "0:00:00.016658"
        ],
        "cost": 57,
        "solution_length": 58,
        "visited_nodes": 317,
        "border": 34
      },
      "A*": {
        "time": [
          "0:00:00.021594",
          "0:00:00.021516",
          "0:00:00.021699",
          "0:00:00.021723",
          "0:00:00.022289",
          "0:00:00.022201",
          "0:00:00.022057",
          "0:00:00.021557",
          "0:00:00.021426",
          "0:00:00.021549"
        ],
        "cost": 57,
        "solution_length": 58,
        "visited_nodes": 381,
        "border": 31
      }
    }
  }