{
    "NO OPTIMIZATION": {
        "dfs": {
            "time": [
                "0:00:00.627992",
                "0:00:00.669246",
                "0:00:00.645390",
                "0:00:00.738052",
                "0:00:00.700690",
                "0:00:00.647314",
                "0:00:00.720605",
                "0:00:00.706140",
                "0:00:00.704998",
                "0:00:00.642091"
            ],
            "cost": 1314,
            "solution_length": 1315,
            "visited_nodes": 17680,
            "border": 542
        },
        "bfs": {
            "time": [
                "0:00:02.332615",
                "0:00:02.238693",
                "0:00:02.366858",
                "0:00:02.459609",
                "0:00:02.316425",
                "0:00:02.472953",
                "0:00:02.324195",
                "0:00:02.308081",
                "0:00:02.472772",
                "0:00:02.322750"
            ],
            "cost": 78,
            "solution_length": 79,
            "visited_nodes": 55627,
            "border": 30
        },
        "greedy": {
            "time": [
                "0:00:00.100149",
                "0:00:00.037949",
                "0:00:00.037557",
                "0:00:00.037364",
                "0:00:00.037293",
                "0:00:00.037552",
                "0:00:00.037410",
                "0:00:00.037662",
                "0:00:00.037628",
                "0:00:00.037821"
            ],
            "cost": 96,
            "solution_length": 97,
            "visited_nodes": 724,
            "border": 67
        },
        "A*": {
            "time": [
                "0:00:02.483065",
                "0:00:02.634694",
                "0:00:02.630435",
                "0:00:02.562683",
                "0:00:02.678687",
                "0:00:02.692948",
                "0:00:02.569041",
                "0:00:02.555883",
                "0:00:02.650266",
                "0:00:02.622896"
            ],
            "cost": 78,
            "solution_length": 79,
            "visited_nodes": 55386,
            "border": 85
        }
    },
    "OPTIMIZED": {
        "dfs": {
            "time": [
                "0:00:00.251475",
                "0:00:00.204623",
                "0:00:00.206218",
                "0:00:00.195990",
                "0:00:00.202295",
                "0:00:00.204994",
                "0:00:00.210753",
                "0:00:00.195747",
                "0:00:00.206169",
                "0:00:00.205296"
            ],
            "cost": 2132,
            "solution_length": 2133,
            "visited_nodes": 5460,
            "border": 843
        },
        "bfs": {
            "time": [
                "0:00:01.018169",
                "0:00:01.192778",
                "0:00:01.129218",
                "0:00:01.131020",
                "0:00:01.119614",
                "0:00:01.185398",
                "0:00:01.114124",
                "0:00:01.197378",
                "0:00:01.164454",
                "0:00:01.118916"
            ],
            "cost": 78,
            "solution_length": 79,
            "visited_nodes": 26765,
            "border": 20
        },
        "greedy": {
            "time": [
                "0:00:00.067780",
                "0:00:00.039723",
                "0:00:00.039134",
                "0:00:00.039399",
                "0:00:00.039231",
                "0:00:00.039123",
                "0:00:00.042429",
                "0:00:00.039408",
                "0:00:00.044623",
                "0:00:00.039416"
            ],
            "cost": 100,
            "solution_length": 101,
            "visited_nodes": 725,
            "border": 74
        },
        "A*": {
            "time": [
                "0:00:01.145844",
                "0:00:01.330251",
                "0:00:01.255549",
                "0:00:01.270490",
                "0:00:01.341668",
                "0:00:01.278636",
                "0:00:01.299305",
                "0:00:01.262342",
                "0:00:01.345895",
                "0:00:01.262701"
            ],
            "cost": 78,
            "solution_length": 79,
            "visited_nodes": 26664,
            "border": 51
        }
    }
}