{
    "NO OPTIMIZATION": {
        "dfs": {
            "time": [
                "0:00:00.025742",
                "0:00:00.021064",
                "0:00:00.020380",
                "0:00:00.020840",
                "0:00:00.020458",
                "0:00:00.020756",
                "0:00:00.020506",
                "0:00:00.020795",
                "0:00:00.020538",
                "0:00:00.021393"
            ],
            "cost": 42,
            "solution_length": 43,
            "visited_nodes": 457,
            "border": 35
        },
        "bfs": {
            "time": [
                "0:00:00.048187",
                "0:00:00.044772",
                "0:00:00.044483",
                "0:00:00.044402",
                "0:00:00.045054",
                "0:00:00.044539",
                "0:00:00.044884",
                "0:00:00.049241",
                "0:00:00.044548",
                "0:00:00.045245"
            ],
            "cost": 12,
            "solution_length": 13,
            "visited_nodes": 888,
            "border": 468
        },
        "greedy": {
            "time": [
                "0:00:00.002743",
                "0:00:00.002057",
                "0:00:00.002089",
                "0:00:00.002004",
                "0:00:00.002021",
                "0:00:00.002014",
                "0:00:00.002028",
                "0:00:00.002042",
                "0:00:00.002055",
                "0:00:00.002007"
            ],
            "cost": 12,
            "solution_length": 13,
            "visited_nodes": 26,
            "border": 28
        },
        "A*": {
            "time": [
                "0:00:00.004581",
                "0:00:00.004643",
                "0:00:00.004597",
                "0:00:00.004634",
                "0:00:00.004566",
                "0:00:00.004581",
                "0:00:00.004845",
                "0:00:00.004816",
                "0:00:00.005647",
                "0:00:00.004754"
            ],
            "cost": 12,
            "solution_length": 13,
            "visited_nodes": 44,
            "border": 54
        }
    },
    "OPTIMIZED": {
        "dfs": {
            "time": [
                "0:00:00.003284",
                "0:00:00.003047",
                "0:00:00.002960",
                "0:00:00.003211",
                "0:00:00.002933",
                "0:00:00.003236",
                "0:00:00.002930",
                "0:00:00.003940",
                "0:00:00.002971",
                "0:00:00.003234"
            ],
            "cost": 42,
            "solution_length": 43,
            "visited_nodes": 62,
            "border": 29
        },
        "bfs": {
            "time": [
                "0:00:00.011442",
                "0:00:00.011027",
                "0:00:00.012028",
                "0:00:00.011389",
                "0:00:00.010933",
                "0:00:00.011461",
                "0:00:00.011281",
                "0:00:00.010929",
                "0:00:00.011004",
                "0:00:00.011359"
            ],
            "cost": 12,
            "solution_length": 13,
            "visited_nodes": 214,
            "border": 90
        },
        "greedy": {
            "time": [
                "0:00:00.001655",
                "0:00:00.001565",
                "0:00:00.001547",
                "0:00:00.001555",
                "0:00:00.001587",
                "0:00:00.001547",
                "0:00:00.001826",
                "0:00:00.001551",
                "0:00:00.001552",
                "0:00:00.001697"
            ],
            "cost": 12,
            "solution_length": 13,
            "visited_nodes": 22,
            "border": 17
        },
        "A*": {
            "time": [
                "0:00:00.003410",
                "0:00:00.003725",
                "0:00:00.003322",
                "0:00:00.003303",
                "0:00:00.003661",
                "0:00:00.003367",
                "0:00:00.003551",
                "0:00:00.003303",
                "0:00:00.003573",
                "0:00:00.003308"
            ],
            "cost": 12,
            "solution_length": 13,
            "visited_nodes": 36,
            "border": 33
        }
    }
}