{
    "NO OPTIMIZATION": {
        "dfs": {
            "time": [
                "0:00:00.019927",
                "0:00:00.018812",
                "0:00:00.017842",
                "0:00:00.017643",
                "0:00:00.017863",
                "0:00:00.018034",
                "0:00:00.017528",
                "0:00:00.018194",
                "0:00:00.017873",
                "0:00:00.021264"
            ],
            "cost": 57,
            "solution_length": 58,
            "visited_nodes": 554,
            "border": 27
        },
        "bfs": {
            "time": [
                "0:00:00.024619",
                "0:00:00.024995",
                "0:00:00.024604",
                "0:00:00.024562",
                "0:00:00.024599",
                "0:00:00.024708",
                "0:00:00.024666",
                "0:00:00.024554",
                "0:00:00.024920",
                "0:00:00.025047"
            ],
            "cost": 57,
            "solution_length": 58,
            "visited_nodes": 763,
            "border": 24
        },
        "greedy": {
            "time": [
                "0:00:00.024183",
                "0:00:00.027747",
                "0:00:00.023730",
                "0:00:00.024025",
                "0:00:00.023832",
                "0:00:00.023971",
                "0:00:00.023676",
                "0:00:00.023851",
                "0:00:00.023933",
                "0:00:00.024067"
            ],
            "cost": 57,
            "solution_length": 58,
            "visited_nodes": 637,
            "border": 17
        },
        "A*": {
            "time": [
                "0:00:00.017122",
                "0:00:00.017426",
                "0:00:00.016989",
                "0:00:00.017174",
                "0:00:00.017348",
                "0:00:00.017020",
                "0:00:00.017375",
                "0:00:00.017033",
                "0:00:00.021716",
                "0:00:00.017058"
            ],
            "cost": 57,
            "solution_length": 58,
            "visited_nodes": 490,
            "border": 32
        }
    },
    "OPTIMIZED": {
        "dfs": {
            "time": [
                "0:00:00.020068",
                "0:00:00.020083",
                "0:00:00.019922",
                "0:00:00.020091",
                "0:00:00.020035",
                "0:00:00.019921",
                "0:00:00.020157",
                "0:00:00.020043",
                "0:00:00.020123",
                "0:00:00.019917"
            ],
            "cost": 57,
            "solution_length": 58,
            "visited_nodes": 554,
            "border": 27
        },
        "bfs": {
            "time": [
                "0:00:00.026740",
                "0:00:00.026851",
                "0:00:00.026840",
                "0:00:00.030381",
                "0:00:00.026803",
                "0:00:00.026988",
                "0:00:00.026763",
                "0:00:00.026951",
                "0:00:00.026856",
                "0:00:00.026850"
            ],
            "cost": 57,
            "solution_length": 58,
            "visited_nodes": 763,
            "border": 24
        },
        "greedy": {
            "time": [
                "0:00:00.026435",
                "0:00:00.026363",
                "0:00:00.025838",
                "0:00:00.026327",
                "0:00:00.026244",
                "0:00:00.026248",
                "0:00:00.025864",
                "0:00:00.030832",
                "0:00:00.026162",
                "0:00:00.026184"
            ],
            "cost": 57,
            "solution_length": 58,
            "visited_nodes": 637,
            "border": 17
        },
        "A*": {
            "time": [
                "0:00:00.019139",
                "0:00:00.019636",
                "0:00:00.019105",
                "0:00:00.019477",
                "0:00:00.019692",
                "0:00:00.019037",
                "0:00:00.019686",
                "0:00:00.019098",
                "0:00:00.019564",
                "0:00:00.019236"
            ],
            "cost": 57,
            "solution_length": 58,
            "visited_nodes": 490,
            "border": 32
        }
    }
}